{
    "occupied_valence_electrons": {"Bi": 15, "Te": 16},
    "k_data": [[100, 0.0, 0.0, 0.0, 0.5, 0.0, 0.0, "Gamma", "M"],
    [75, 0.5, 0.0, 0.0, 0.33333333, 0.33333333, 0.0, "M", "K"],
    [95, 0.33333333, 0.33333333, 0.0, 0.0, 0.0, 0.0, "K", "Gamma"]]
}